gender,age,education_level,job_fulltime,job_parttime,job_training,job_annualleave,job_laidoff,job_unemplyed,job_retired,job_student,job_other,work_position,employment_duration,weekly_workhours,effect_of_codetermination_process,work_community_help_in_problems,remote_working,excellent_work_performance,feeling_stressed,financial_stress,good_gender_equality_at_work,good_worker_equality_at_work,overall_life_satisfaction,health_status,sleeping_problems,physical_exercise,employment_prospects,ukraine_worries,surrender,feelings,effort_reward_imbalance_reward,effort_reward_imbalance_effort,ERI_RATIO,WHO5_TOTAL,SISU_LP,SISU_AM,SISU_EP,SISU_HR,SISU_HS,SISU_HO
1,31,4,1,0,0,0,0,0,0,0,0,1,2,5,1,1,1,2,5,4,5,5,3,1,4,1,1,4,0,0,24,23,2.11,20,16,18,17,17,21,15
1,22,2,0,1,0,0,0,0,0,1,0,1,3,3,1,1,1,4,3,3,5,4,4,4,3,3,4,3,1,0,44,9,0.45,76,15,11,15,8,8,3
1,48,4,0,0,0,0,0,1,0,0,0,4,,,,,,,3,4,,,4,4,4,3,5,3,1,0,,,,68,19,17,17,6,6,8
1,23,3,0,1,0,0,0,0,0,1,0,1,2,1,1,1,1,4,3,2,4,4,4,4,2,2,5,2,1,1,46,9,0.43,52,12,10,11,9,7,4
1,29,4,0,0,1,0,0,0,0,0,0,1,,,,,2,,4,4,,,3,4,4,1,5,2,,0,,,,60,17,16,17,9,9,4
3,36,4,1,0,0,0,0,0,0,0,0,1,4,4,1,1,1,1,5,5,1,1,1,2,4,2,1,4,,,13,25,4.23,20,9,9,12,9,17,15
1,23,2,0,1,0,0,0,0,0,1,0,1,2,1,1,1,4,1,5,3,3,4,4,4,3,2,4,4,1,1,37,8,0.48,48,12,12,6,13,11,4
1,36,4,1,0,0,0,0,0,0,0,0,1,4,4,1,,1,4,3,3,4,4,4,5,2,3,2,2,1,0,34,23,1.49,72,17,18,18,8,13,10
2,28,3,0,0,0,0,0,0,0,1,0,7,,,,,,,4,5,,,3,3,3,2,4,3,,,,,,48,13,12,15,7,5,5
2,30,3,0,1,0,0,0,0,0,1,0,6,1,3,1,1,3,3,3,4,6,6,3,4,4,2,2,2,0,0,32,17,1.17,56,12,9,12,12,7,4
1,25,4,1,0,0,0,0,0,0,1,0,1,1,4,1,,1,5,2,3,4,6,5,5,2,2,3,1,1,1,39,10,0.56,64,16,14,17,11,11,5
1,40,4,1,0,0,0,0,0,0,1,0,1,2,4,1,1,4,4,3,3,4,5,4,3,4,2,5,2,0,0,44,11,0.55,52,18,17,17,8,15,8
2,30,4,1,0,0,0,0,0,0,0,0,1,3,4,1,1,1,5,2,4,2,2,4,2,2,1,4,3,0,1,40,21,1.16,60,9,5,6,7,11,4
2,50,4,0,0,0,0,0,1,0,0,0,7,,,,,,,4,5,,,1,4,3,2,3,2,,0,,,,36,8,14,5,7,13,4
2,25,3,0,1,0,0,0,0,0,1,0,1,1,1,1,1,4,3,3,3,5,4,4,3,3,1,3,1,,1,27,6,0.49,68,7,13,8,7,7,11
1,57,4,0,0,0,0,0,0,0,1,0,7,,,,,,,4,4,,,4,4,4,2,4,3,1,1,,,,56,10,11,9,9,12,10
1,32,3,0,1,0,0,0,0,0,1,0,1,3,2,1,3,4,4,3,2,4,2,3,4,4,3,4,1,,,27,10,0.81,28,8,10,12,10,8,9
2,31,3,0,0,0,0,0,0,0,1,0,7,,,,,,,2,3,,,4,5,1,3,4,2,,0,,,,72,9,7,7,13,3,4
1,47,4,0,1,0,0,0,0,0,1,0,1,3,3,1,1,1,1,4,3,2,3,3,3,3,2,4,2,0,0,30,11,0.81,56,12,12,6,16,14,9
1,26,2,1,0,0,0,0,0,0,1,0,1,1,4,1,1,1,4,4,5,4,4,2,2,2,1,3,3,,,41,16,0.86,44,12,13,14,14,16,13
1,42,3,1,0,0,0,0,0,0,0,0,1,4,4,1,1,1,3,3,2,4,4,4,4,3,2,2,0,0,1,28,19,1.49,60,9,7,17,21,20,8
1,25,3,1,0,0,0,0,0,0,1,0,2,2,4,1,1,4,2,4,5,4,4,4,5,1,3,4,1,,,43,6,0.31,64,5,6,7,13,4,5
1,38,4,1,0,0,0,0,0,0,0,0,4,1,4,1,1,1,5,3,2,4,4,5,5,1,3,4,4,,,46,15,0.72,84,17,17,15,5,10,7
1,24,3,0,1,0,0,0,0,0,1,0,1,1,2,1,1,2,4,2,1,5,5,5,5,1,4,5,2,1,1,47,17,0.8,88,16,18,19,6,12,5
1,62,4,1,0,0,0,0,0,0,0,0,3,5,5,1,1,1,5,2,1,2,5,5,5,2,2,5,1,,,53,20,0.83,76,15,21,21,7,14,12
1,56,4,1,0,0,0,0,0,0,0,0,4,4,4,1,1,2,5,4,3,2,2,3,3,4,3,4,2,0,0,27,21,1.71,36,15,12,10,14,13,5
1,22,2,0,1,0,0,0,0,0,1,0,1,4,,1,,4,2,4,2,6,2,4,5,1,2,3,1,1,1,,,,60,7,10,11,11,6,5
1,42,4,1,0,0,0,0,0,0,0,0,4,4,4,3,3,1,2,5,3,4,2,4,4,1,2,4,2,,0,42,18,0.94,40,12,12,21,10,10,7
1,38,4,1,0,0,0,0,0,0,0,0,4,2,4,1,1,1,4,3,4,4,4,4,4,3,3,3,4,,,33,14,0.93,72,15,13,19,14,5,11
1,44,4,0,0,0,0,0,0,1,1,0,7,,,,,,,3,1,,,4,3,4,3,5,2,1,0,,,,60,12,15,14,13,8,9
2,34,4,1,0,0,0,0,0,0,0,0,4,2,4,1,1,4,5,2,2,5,4,4,4,1,2,5,1,1,1,53,13,0.54,64,12,16,14,10,6,7
1,27,2,0,1,0,0,0,0,0,1,0,1,4,1,1,1,4,5,5,5,5,5,4,4,4,2,4,3,,,39,12,0.68,72,15,9,16,14,14,9
1,22,3,1,0,0,0,0,0,0,0,0,1,3,4,1,1,1,5,3,2,4,4,4,4,3,3,5,0,,1,48,15,0.69,64,11,16,16,6,12,8
1,32,3,0,1,0,0,0,0,0,1,0,1,1,2,1,1,1,2,5,4,6,6,2,2,4,3,3,3,1,0,28,19,1.49,32,12,7,12,16,13,8
1,22,3,1,0,1,0,0,0,0,1,0,1,1,4,1,1,1,3,3,3,4,4,4,2,4,3,4,1,,,46,13,0.62,36,8,13,18,6,9,6
1,30,2,0,1,0,0,0,0,0,1,0,1,2,4,3,2,4,5,3,4,5,5,3,4,2,3,3,1,,,27,13,1.06,56,13,13,11,9,6,3
2,38,2,1,0,0,0,0,0,0,0,0,3,2,4,1,1,1,4,1,1,5,5,4,3,2,2,4,2,0,1,47,20,0.94,56,11,10,10,13,10,14
2,49,4,0,1,0,0,0,0,0,0,0,1,4,2,1,1,1,2,2,2,5,1,4,4,2,3,3,4,,,32,17,1.17,88,15,12,18,4,5,4
2,26,4,0,1,0,0,0,0,0,0,0,1,3,3,1,1,4,4,3,3,6,6,3,4,2,2,3,2,1,0,23,14,1.34,56,10,13,13,13,6,4
1,24,3,1,0,0,0,0,0,0,1,0,1,1,3,1,,4,1,2,3,5,4,5,5,1,1,5,2,1,,41,13,0.7,80,12,12,18,12,9,4
1,34,4,1,0,0,0,0,0,0,0,0,4,4,4,1,1,1,4,4,3,4,4,4,4,3,3,2,4,1,0,28,21,1.65,44,15,10,15,12,15,12
1,22,3,0,1,0,0,0,0,0,0,0,1,2,1,1,,4,4,3,2,5,4,4,5,2,3,4,2,,,50,7,0.31,68,11,11,11,7,5,4
1,35,3,1,1,0,0,0,0,0,1,0,5,3,4,1,1,4,4,3,3,4,4,4,3,2,2,3,3,,0,44,19,0.95,52,14,14,16,11,15,6
1,31,3,1,0,0,0,0,0,0,1,0,1,3,4,2,2,1,2,4,2,5,2,4,3,2,3,5,4,,,34,22,1.42,64,8,11,15,8,5,5
2,26,3,1,0,0,0,0,0,0,1,0,1,3,4,1,,1,4,3,3,4,4,4,2,1,2,4,2,1,0,50,11,0.48,44,12,13,18,17,8,13
1,29,3,1,0,0,0,0,0,0,0,0,1,4,4,3,3,4,3,4,4,2,2,4,4,3,3,3,2,1,0,23,22,2.1,56,15,16,11,15,18,7
3,23,2,1,0,0,0,0,0,0,0,0,1,2,4,1,1,4,4,4,2,2,2,2,2,4,2,4,2,,1,,16,,44,15,14,14,9,9,8
1,25,2,0,0,1,0,0,0,0,1,0,1,1,4,1,1,4,4,4,3,4,4,4,4,4,3,4,3,,,41,14,0.75,64,15,11,13,11,11,4
1,31,4,0,0,0,0,0,0,0,0,1,6,2,3,1,,1,4,2,3,3,3,5,4,2,2,4,1,1,1,31,7,0.5,64,14,13,17,7,13,7
1,32,4,1,0,0,0,0,0,0,0,0,4,4,4,1,1,1,5,3,3,4,3,4,5,1,3,3,1,1,0,48,20,0.92,80,12,20,13,3,10,7
2,22,2,0,0,0,0,0,1,0,1,0,7,,,,,,,2,2,,,4,4,3,2,4,3,1,1,,,,68,10,12,12,7,6,6
1,25,3,1,0,1,0,0,0,0,1,0,1,2,4,1,1,4,5,3,2,2,4,4,4,2,2,4,3,,,46,11,0.53,64,8,10,11,7,5,4
1,22,2,1,0,0,0,0,0,0,1,0,1,1,4,1,1,4,4,4,5,5,5,3,3,4,3,5,1,1,0,48,14,0.64,52,8,10,8,10,10,7
1,54,3,1,0,0,0,0,0,0,0,0,1,4,4,1,1,4,4,4,3,4,4,3,3,1,2,4,3,1,0,32,23,1.58,56,15,12,17,11,14,11
1,46,4,1,0,0,0,0,0,0,1,0,5,5,4,1,1,1,4,3,3,4,4,4,4,3,1,2,3,,1,28,22,1.73,44,16,13,14,6,8,6
1,32,4,1,0,0,0,0,0,0,0,0,4,2,5,1,1,4,4,3,3,2,2,4,4,4,2,5,2,1,,39,25,1.41,60,20,17,20,6,13,12
1,33,4,1,0,0,0,0,0,0,0,0,4,1,4,1,1,4,4,2,1,5,4,5,5,2,3,5,2,,1,49,20,0.9,72,13,13,13,9,9,7
1,24,2,0,1,0,0,0,0,0,1,0,1,3,1,2,3,4,4,3,4,5,4,4,4,3,1,4,2,,,40,16,0.88,92,18,14,16,11,18,10
1,30,3,0,1,0,0,0,0,0,1,1,2,4,2,1,1,2,5,3,3,5,5,4,4,3,2,4,2,0,1,43,13,0.67,64,15,19,17,9,11,16
1,63,3,0,1,0,0,0,0,0,1,0,1,5,2,1,1,2,4,2,2,5,2,4,4,2,2,5,1,1,1,24,8,0.73,80,14,19,21,8,8,7
1,33,4,1,0,0,0,0,0,0,1,0,4,5,4,3,3,1,4,4,4,2,2,4,3,4,2,4,2,0,,20,20,2.2,48,14,11,17,10,9,9
1,52,4,0,0,0,1,0,0,0,0,0,1,5,4,1,1,1,5,4,5,4,1,5,5,2,4,4,2,1,1,28,21,1.65,100,18,12,20,6,8,4
1,29,4,0,1,0,0,0,0,0,1,0,5,4,1,1,1,1,5,2,1,6,6,5,5,1,2,4,1,,,43,9,0.46,88,15,14,17,4,4,6
1,28,4,1,0,0,0,0,0,0,0,0,1,3,4,1,1,1,2,3,3,4,4,3,2,4,1,5,2,1,0,45,11,0.54,40,10,10,9,12,6,7
1,41,4,1,0,0,0,0,0,0,1,0,1,2,4,2,2,1,2,4,3,2,2,4,4,2,1,3,4,0,0,26,23,1.95,64,14,6,16,21,19,14
1,21,2,1,0,0,0,0,0,0,1,0,1,1,4,1,1,1,4,3,2,4,4,4,4,3,1,3,2,,,,18,,68,16,13,17,16,14,16
1,27,3,0,0,1,0,0,0,0,0,0,1,1,4,1,1,1,3,5,3,3,3,4,4,4,4,5,3,,,37,13,0.77,52,19,14,18,16,18,11
1,40,4,0,1,0,0,0,0,0,0,0,1,2,2,1,1,1,3,3,2,6,4,4,4,4,2,4,2,,,46,7,0.33,36,12,7,12,13,5,4
1,22,3,1,0,0,0,0,0,0,1,0,1,2,4,1,1,1,4,3,4,5,4,4,4,3,2,4,2,1,,41,12,0.64,68,12,13,14,10,8,7
1,66,2,0,0,0,0,0,0,1,0,0,7,,,,,,,2,1,,,3,3,4,2,1,0,,,,,,44,7,10,6,6,6,4
1,25,3,0,0,0,0,0,0,0,1,0,7,,,,,,,2,1,,,5,4,1,2,5,2,,,,,,80,13,9,12,3,7,3
1,20,2,0,1,0,0,0,0,0,1,0,1,2,2,1,1,4,4,2,1,5,4,5,5,1,2,3,0,0,1,44,19,0.95,92,17,13,16,10,6,6
2,23,2,1,0,0,0,0,0,0,1,0,1,1,4,1,1,4,5,2,1,5,5,4,5,2,2,5,1,1,,54,8,0.33,88,13,17,19,5,10,5
2,46,3,1,0,0,0,0,0,0,1,0,1,5,4,1,,1,5,5,1,4,4,3,4,4,2,5,4,,0,46,19,0.91,24,16,10,13,11,12,7
1,28,4,1,0,0,0,0,0,0,0,0,6,3,4,1,1,1,4,2,2,5,4,5,5,2,3,5,2,1,1,36,20,1.22,80,16,18,17,6,10,8
1,37,4,1,0,0,0,0,0,0,0,0,1,1,4,,,1,4,1,3,6,6,4,5,1,2,2,2,,,37,5,0.3,60,10,15,16,7,8,4
1,27,3,0,1,0,0,0,0,0,1,0,1,3,2,1,1,1,4,3,3,3,4,4,5,3,4,4,2,1,1,45,23,1.12,92,13,14,15,10,15,7
1,22,3,0,1,0,0,0,0,0,1,0,1,2,2,1,1,1,4,3,3,3,2,4,4,3,2,3,1,1,0,47,13,0.61,72,15,12,16,9,10,10
1,25,3,1,0,1,0,0,0,0,1,0,1,2,4,1,1,1,4,3,3,4,4,4,4,3,4,4,1,,,40,11,0.61,76,17,16,16,6,8,4
1,22,2,0,0,0,0,0,0,0,1,0,7,,,,,,,3,3,,,4,4,4,2,5,2,,,,,,72,11,13,11,16,11,6
2,58,4,1,0,0,0,0,1,0,0,0,1,2,2,3,2,,5,4,5,2,5,2,2,4,1,5,0,1,1,40,9,0.5,40,17,12,15,15,11,17
1,31,4,1,0,0,0,0,0,0,0,0,2,4,5,1,1,2,1,5,2,3,2,2,3,2,2,3,3,,,38,25,1.45,40,8,12,17,15,16,9
2,30,3,0,1,0,0,0,0,0,1,0,1,2,3,1,1,4,4,5,3,3,2,2,5,3,2,1,2,1,0,26,7,0.59,20,3,11,3,19,5,8
1,29,3,0,0,0,0,0,0,0,1,0,6,1,4,2,3,2,4,4,5,5,5,4,2,4,1,3,4,1,1,41,12,0.64,52,12,10,15,16,16,4
1,58,4,1,0,0,0,0,0,0,0,0,4,5,5,1,1,1,5,2,2,5,5,5,5,3,2,5,2,1,1,51,16,0.69,92,17,12,15,9,9,6
1,27,4,0,1,0,0,0,0,0,1,0,4,3,3,1,1,1,4,3,4,4,4,5,4,1,3,4,4,,,39,13,0.73,72,18,19,16,6,4,4
1,42,3,0,1,0,0,0,0,0,0,0,1,5,2,1,1,4,4,3,2,2,2,4,4,1,2,5,2,1,1,34,23,1.49,92,6,6,11,3,3,3
1,25,3,0,1,0,0,0,0,0,1,0,1,1,3,1,1,4,4,3,3,4,4,4,4,2,2,4,2,1,,36,16,0.98,64,12,14,11,6,10,7
1,21,2,1,0,0,0,0,0,0,1,0,1,3,3,1,1,4,5,3,2,5,5,4,3,3,2,5,2,1,1,46,14,0.67,56,13,16,17,7,5,8
1,25,2,0,0,0,0,0,0,0,0,1,1,,,,,,,5,5,,,2,1,4,1,5,4,1,0,31,19,1.35,88,3,7,12,21,18,14
2,23,2,1,0,0,0,0,0,0,1,0,1,2,4,1,1,4,5,1,2,6,5,5,5,1,3,4,2,,,51,11,0.47,80,15,17,19,6,13,7
1,37,4,1,0,0,0,0,0,0,1,0,4,3,4,1,1,1,4,5,5,4,4,3,3,4,2,4,3,,,31,20,1.42,48,16,9,17,21,13,11
1,25,3,0,1,0,0,0,0,0,1,0,1,3,2,1,1,4,4,3,3,5,2,4,4,3,3,2,1,0,1,34,11,0.71,60,15,15,17,14,12,5
1,0,3,1,0,0,0,0,0,0,0,0,4,5,4,1,1,1,5,3,3,5,5,4,3,2,2,2,3,,,30,23,1.69,76,15,13,9,3,6,3
2,23,3,1,0,0,0,0,0,0,1,0,1,3,4,1,1,1,4,4,2,4,5,4,4,1,3,4,2,,0,48,11,0.5,60,13,13,13,12,17,7
1,19,2,0,0,0,0,0,0,0,1,0,7,,,,,,,4,5,,,4,4,3,2,4,2,,,,,,44,9,11,14,13,9,3
1,27,4,1,0,0,0,0,0,0,0,0,1,3,5,1,1,1,4,4,2,4,4,4,5,2,3,2,3,1,0,30,17,1.25,92,15,14,19,10,14,8
2,26,4,1,1,0,0,0,0,0,1,0,1,3,4,1,1,1,4,3,2,4,5,4,5,1,3,5,4,,,41,11,0.59,80,12,13,15,9,12,8
1,25,3,1,0,0,0,0,0,0,0,0,1,3,4,1,1,3,4,3,2,1,1,4,4,1,4,4,2,1,,49,17,0.76,72,18,11,19,7,9,10
1,27,4,1,0,0,0,0,0,0,0,0,6,3,4,1,2,2,4,3,3,4,2,4,4,3,2,4,2,,,36,15,0.92,56,14,8,16,10,10,6
2,31,2,1,0,0,0,0,0,0,1,0,6,3,4,1,2,2,3,3,3,4,6,3,4,4,2,2,3,,,38,16,0.93,44,8,12,11,12,7,7
1,24,3,1,0,0,0,0,0,0,1,0,1,2,4,1,1,1,4,2,4,5,5,4,3,3,2,4,1,,0,,14,,44,13,9,13,10,6,5
1,32,4,0,1,0,0,0,1,0,0,0,6,1,1,1,1,1,3,3,4,5,4,2,3,4,1,2,3,1,1,,,,24,11,10,10,13,3,4
1,28,3,0,1,0,1,0,0,0,1,0,1,3,3,2,2,4,4,2,3,4,5,5,5,1,2,4,2,1,1,38,11,0.64,60,15,10,10,13,8,4
2,25,3,1,0,0,0,0,0,0,0,0,1,2,4,1,1,1,2,3,1,5,4,4,4,1,2,4,2,,,49,10,0.45,48,9,9,13,12,13,11
2,29,2,0,1,0,0,0,0,0,0,0,1,2,3,1,1,4,4,2,3,4,4,4,5,2,2,4,2,,,44,13,0.65,80,10,12,17,12,11,10
1,34,2,0,0,1,0,0,0,0,1,0,7,,,,,,,3,5,,,3,3,2,2,4,4,1,1,,,,40,8,4,6,17,6,7
1,25,3,0,1,0,0,0,0,0,1,1,1,3,1,1,1,4,2,3,3,5,4,4,4,3,2,2,1,1,1,38,9,0.52,40,11,7,12,12,6,6
1,26,3,0,1,0,0,0,0,0,1,0,1,3,3,1,2,1,4,3,3,4,4,4,4,2,3,3,2,1,1,41,16,0.86,68,11,16,11,8,11,9
2,45,2,0,1,0,0,0,0,0,1,0,1,4,3,1,1,1,2,2,3,1,1,4,4,2,2,4,3,,,41,20,1.07,84,17,12,16,5,7,5
1,37,3,0,1,0,0,0,0,0,1,0,5,2,2,1,1,1,4,3,3,2,3,3,3,3,2,4,3,1,0,,11,,56,12,13,11,10,10,7
2,37,4,1,0,0,0,0,0,0,0,0,4,3,5,1,1,2,4,3,2,4,4,3,2,2,2,5,2,,,41,21,1.13,56,14,13,15,7,10,10
1,23,3,1,0,0,0,0,0,0,1,0,1,2,4,1,1,2,4,5,4,5,4,4,4,3,2,5,2,,0,52,7,0.3,60,10,13,20,7,11,8
1,25,3,0,1,0,0,0,0,0,1,0,1,3,1,1,1,1,6,3,1,2,3,4,4,3,3,4,3,1,,43,13,0.67,56,11,10,14,14,11,6
1,20,2,0,1,0,0,0,0,0,1,0,1,1,3,1,1,4,4,5,5,5,,2,4,3,3,5,4,1,0,27,12,0.98,40,4,8,3,10,5,3
1,29,4,1,0,0,0,0,0,0,0,0,1,2,4,1,1,1,4,1,2,4,4,4,4,1,1,4,2,1,,44,8,0.4,76,11,12,11,10,10,10
2,32,2,0,1,0,0,0,0,0,1,0,1,1,3,1,1,4,2,4,4,3,3,2,3,4,3,3,3,0,0,25,22,1.94,24,5,15,6,9,8,8
1,31,4,1,0,0,0,0,0,0,0,0,5,3,3,1,1,1,4,2,1,6,6,5,5,2,2,5,4,,,46,7,0.33,88,16,15,14,4,3,5
2,39,4,1,0,0,0,0,0,0,1,0,3,3,5,2,3,1,4,5,3,2,2,3,4,3,2,4,3,,0,38,21,1.22,52,12,14,9,10,15,7
1,25,3,0,0,1,0,0,0,0,1,0,1,1,4,1,1,1,3,4,4,2,2,4,4,3,3,4,4,,,36,6,0.37,40,19,16,15,5,11,5
1,43,3,0,0,0,0,0,0,0,1,0,7,,,,,,,4,3,,,4,4,1,3,4,4,,0,,,,60,9,11,14,8,9,6
1,28,3,1,0,0,0,0,0,0,1,0,1,3,4,2,2,1,4,2,3,2,1,4,5,2,3,4,2,,1,24,22,2.02,80,12,9,15,11,13,5
1,52,4,1,0,0,0,0,0,0,0,0,4,2,5,1,1,1,5,3,2,2,1,4,4,4,2,2,1,,0,41,24,1.29,64,20,14,15,4,18,7
2,29,4,0,0,0,0,0,0,0,1,0,7,,,1,1,1,3,4,3,4,4,2,4,2,4,2,2,,0,27,19,1.55,52,7,6,13,16,13,8
1,25,3,0,1,0,0,0,0,0,1,0,1,2,2,1,1,1,4,2,4,3,4,4,4,2,2,4,2,,,43,10,0.51,68,10,16,7,9,12,11
1,20,2,0,0,0,0,0,0,0,1,0,7,,,,,,,4,3,,,3,3,4,3,3,1,1,0,,,,52,13,12,15,16,17,16
1,64,4,1,0,0,0,0,0,0,0,0,4,5,5,1,1,1,5,3,1,5,5,4,5,3,2,5,2,,1,46,19,0.91,72,15,14,18,3,5,5
2,27,3,1,0,0,0,0,0,0,1,0,1,4,4,1,1,1,4,3,1,4,4,3,3,2,2,5,0,,,44,15,0.75,32,8,12,16,15,16,14
2,25,2,0,0,0,0,0,1,0,1,0,7,,,,,,,3,5,,,3,4,1,3,4,0,1,0,,,,32,7,12,8,10,9,7
1,28,4,1,0,0,0,0,0,0,0,0,6,3,4,1,1,1,3,3,5,3,3,4,4,4,2,3,2,1,0,34,14,0.91,48,11,16,10,12,15,9
1,24,3,1,0,0,0,0,0,0,1,0,1,2,4,1,1,1,4,3,2,3,3,5,4,3,3,5,1,1,1,40,10,0.55,84,15,15,19,5,6,7
1,42,3,1,0,0,0,0,0,0,1,0,1,5,4,1,1,1,2,4,2,4,4,3,4,2,1,3,2,1,0,42,12,0.63,40,14,8,5,11,6,6
1,44,4,0,0,0,0,0,0,0,0,1,6,,5,,,1,,3,3,,,3,4,3,2,3,3,0,1,34,22,1.42,64,11,10,10,13,12,7
1,56,4,0,0,0,0,0,0,0,0,1,4,4,4,1,1,1,5,4,5,4,4,4,4,3,2,4,4,1,1,45,21,1.03,76,15,16,20,10,15,9
1,25,4,1,0,0,0,0,0,0,0,0,1,2,4,1,1,1,4,3,3,4,4,4,4,1,2,4,2,,0,34,15,0.97,64,11,10,19,8,14,9
2,27,2,0,1,0,0,0,0,0,1,0,1,2,2,1,1,1,4,1,2,5,5,4,5,4,3,5,0,,1,51,10,0.43,60,13,14,19,7,9,4
3,30,3,1,0,0,0,0,0,0,1,0,1,1,4,1,2,1,5,3,2,5,2,4,4,4,4,5,0,1,0,54,21,0.86,56,14,12,16,9,19,7
1,29,4,1,0,0,0,0,0,0,0,0,1,3,4,1,2,1,2,3,2,4,4,4,5,3,3,4,2,,1,38,14,0.81,72,19,15,17,7,7,5
3,24,2,0,0,0,0,0,0,0,1,0,7,,,,,,,4,4,,,3,3,3,2,4,2,1,1,,,,36,9,11,8,10,8,6
3,28,4,1,0,0,0,0,0,0,0,0,1,3,4,1,1,1,2,2,3,3,3,3,4,2,2,4,2,,,31,13,0.92,60,10,13,9,6,9,8
1,27,3,0,0,0,0,0,0,0,1,0,7,,,,,,,4,3,,,4,4,1,2,3,4,,,,,,60,14,16,15,9,10,8
2,26,3,0,0,0,0,0,0,0,1,0,1,1,4,1,1,1,2,4,4,4,4,2,4,4,2,2,3,,,35,21,1.32,44,14,20,15,15,15,6
1,26,2,0,0,0,0,0,0,0,1,0,7,,,,,,,4,1,,,2,1,4,1,4,3,,,,,,20,5,8,6,16,12,7
1,62,4,1,0,0,0,0,0,0,0,0,3,5,5,1,1,2,4,4,2,1,2,2,5,3,2,3,2,,0,41,18,0.97,40,12,15,17,9,11,14
1,38,3,1,0,0,0,0,0,0,0,0,4,1,4,1,1,2,4,3,1,5,6,4,4,4,2,5,4,0,1,42,13,0.68,64,14,10,10,16,17,12
1,19,2,0,0,0,0,0,0,0,1,0,7,,,,,,,5,3,,,4,4,2,1,5,3,,,,,,48,15,12,21,13,17,13
1,27,2,0,0,0,0,0,0,0,1,0,6,,,,,,,3,4,,,4,5,2,2,4,3,1,1,,,,76,9,12,11,11,15,6
1,32,4,0,1,0,0,0,0,0,1,0,5,1,2,1,1,1,4,3,3,3,2,3,3,3,2,3,2,1,,38,17,0.98,48,13,12,15,9,13,9
1,21,2,1,0,1,0,0,0,0,1,0,1,1,4,1,1,1,5,3,2,5,5,5,5,3,4,5,1,,,45,14,0.68,80,15,18,18,7,11,8
2,68,4,0,0,0,0,0,0,1,0,0,4,5,1,1,1,1,5,2,2,2,2,5,4,2,2,4,3,1,1,32,18,1.24,60,14,14,13,12,14,14
1,34,4,1,0,0,0,0,0,0,0,0,1,3,4,1,1,1,4,4,3,5,5,2,4,3,2,4,2,,,43,15,0.77,64,12,10,12,11,9,6
1,48,4,0,0,0,0,0,1,0,0,0,4,,,,2,,,3,4,,,4,4,4,3,5,2,,,,,,44,15,15,16,5,7,13
2,24,2,0,1,0,0,0,0,0,1,0,1,4,1,1,1,4,5,3,4,4,5,4,3,4,2,5,3,1,,26,12,1.02,48,17,13,20,8,16,14
1,47,3,0,0,0,0,0,0,0,1,0,7,,,,,,,2,1,,,4,4,1,2,3,3,,,,,,72,14,16,18,7,15,11
1,39,4,1,0,0,0,0,0,0,0,0,4,2,4,1,1,1,4,2,1,4,4,4,4,3,2,4,2,1,1,46,18,0.86,72,13,15,16,5,11,11
1,28,3,0,0,1,0,0,0,0,1,0,1,1,4,1,3,1,5,4,3,5,4,4,4,3,2,4,1,0,1,37,13,0.77,52,14,17,14,15,9,3
1,40,4,1,0,0,0,0,0,0,0,0,4,2,4,1,1,1,4,2,1,5,5,5,5,3,3,4,2,,1,,16,,80,18,19,17,6,9,7
1,25,3,0,0,0,0,0,0,0,1,0,7,,,,,,,3,1,,,4,5,1,2,4,2,,,,,,56,11,11,12,12,8,4
1,28,4,0,1,0,0,0,0,0,0,0,1,4,2,1,1,4,2,2,3,4,5,3,4,3,1,2,3,,,32,13,0.89,32,9,9,12,11,9,7
1,19,2,0,0,0,0,0,0,0,1,0,7,,,,,,,3,2,,,4,4,2,2,4,2,,,,,,92,13,13,18,9,10,10
1,48,3,1,1,0,0,0,0,0,1,0,4,5,5,1,1,1,4,4,3,4,2,4,2,4,1,4,4,,0,41,21,1.13,44,17,14,16,3,9,4
1,35,3,1,0,0,0,0,0,0,1,0,4,3,4,1,1,1,2,2,1,4,4,5,5,1,2,3,2,,,43,18,0.92,76,10,13,13,8,11,8
1,21,2,1,0,0,0,0,0,0,1,0,1,1,4,1,1,1,4,3,3,5,5,4,4,1,3,4,2,,,47,17,0.8,76,15,12,17,9,14,5
2,29,3,0,0,0,0,0,0,0,1,0,6,1,3,1,1,4,3,4,4,5,4,5,5,3,3,4,1,1,0,39,10,0.56,88,19,18,20,10,14,11
1,33,3,0,0,0,0,0,0,0,1,0,7,,,,,,,4,3,,,4,4,4,2,3,3,1,1,,,,56,13,11,16,13,9,5
1,44,4,0,0,0,0,0,0,0,1,0,6,,1,,,,,4,3,,,3,4,4,2,2,3,,,,,,32,10,7,11,13,4,8
1,24,3,0,0,0,0,0,0,0,1,0,1,1,4,,,,4,3,4,5,5,4,3,2,2,5,2,,,37,8,0.48,76,16,12,17,15,16,12
2,65,4,0,0,0,0,0,0,1,0,0,7,,,,1,,,2,2,,,3,3,2,1,1,3,,0,32,14,0.96,52,10,12,9,13,9,8
1,22,2,0,0,0,0,0,0,0,1,0,7,,,,,,,2,1,,,5,5,1,3,4,2,,,,,,84,13,11,14,8,10,4
2,25,4,1,0,0,0,0,0,0,0,0,6,3,4,1,1,1,3,3,3,6,4,3,4,3,3,4,1,,0,,16,,44,11,11,14,7,11,12
1,27,3,0,0,0,0,0,0,0,1,0,7,,,,,,,3,4,,,3,3,2,3,4,3,,,,,,16,8,8,15,15,6,6
1,20,2,0,1,0,0,0,0,0,1,0,1,1,4,1,1,4,4,2,3,2,5,4,4,1,1,3,2,0,,43,9,0.46,76,12,11,9,16,9,7
1,24,2,0,0,0,0,0,1,0,0,1,7,,,,,,,4,5,,,4,3,2,2,4,2,1,0,,,,28,6,11,10,17,19,11
2,28,4,1,0,0,1,0,0,0,0,0,1,4,4,1,1,2,3,4,3,5,4,4,4,4,3,4,3,1,1,,18,,52,13,11,20,13,11,9
1,37,3,1,0,0,0,0,0,0,0,0,1,1,4,1,1,1,3,3,1,4,4,4,2,2,1,5,2,,,39,20,1.13,64,14,13,18,11,13,7
1,46,4,1,0,0,0,0,0,0,0,0,4,1,5,1,1,1,2,5,3,3,4,2,4,4,2,3,2,1,0,30,18,1.32,40,13,12,14,15,10,8
1,58,4,1,0,0,0,0,0,0,0,0,1,5,4,1,1,1,4,1,2,2,2,5,5,2,4,3,2,1,1,41,13,0.7,64,12,14,13,5,9,5
1,30,3,0,1,0,0,0,0,0,1,0,1,4,3,1,1,1,5,3,2,5,5,4,2,3,2,4,2,,,45,16,0.78,52,11,13,12,8,9,7
2,60,4,1,0,0,0,0,0,0,0,0,4,5,4,1,1,1,5,3,2,4,4,5,5,2,4,3,3,,,34,14,0.91,76,13,12,12,8,9,5
1,40,3,0,1,0,0,0,0,0,1,0,1,4,3,1,1,1,5,4,3,3,1,2,1,4,1,4,0,1,0,37,16,0.95,16,10,15,20,12,12,4
2,25,3,1,0,0,0,0,0,0,0,0,1,1,4,1,1,1,3,3,2,4,5,4,5,2,3,4,4,1,0,43,17,0.87,76,12,11,12,9,11,4
1,32,4,0,1,0,0,0,0,0,1,0,6,2,1,1,1,2,3,3,2,4,4,4,4,2,2,5,2,,0,41,19,1.02,60,13,16,15,13,12,6
1,48,2,1,0,0,0,0,0,0,1,0,1,5,5,3,2,1,2,3,3,6,4,3,2,3,3,2,2,1,1,33,20,1.33,68,14,13,12,8,11,6
2,38,4,1,0,0,0,0,0,0,0,0,1,4,5,2,2,1,4,3,2,2,2,4,5,3,3,4,2,,,36,20,1.22,48,11,12,15,9,12,6
1,26,4,1,0,0,0,0,0,0,0,0,1,4,4,1,1,1,3,5,5,2,2,4,5,4,3,5,3,1,,32,22,1.51,60,13,13,17,9,18,9
1,40,3,0,0,1,0,0,0,0,0,0,6,1,4,1,1,1,1,3,5,4,6,2,3,3,1,2,2,,0,24,9,0.83,24,7,12,12,8,11,5
2,21,2,0,0,0,0,0,0,0,1,0,7,,,,,,,3,1,,,2,4,2,3,4,1,,,,,,60,14,16,14,12,11,5
1,24,2,0,1,0,0,0,0,0,1,0,1,2,2,1,1,4,4,4,3,4,5,4,4,2,3,4,2,,,35,8,0.5,60,8,11,10,9,8,4
1,61,4,1,0,0,0,0,0,0,0,0,4,5,4,2,3,1,4,3,1,4,1,5,4,4,1,5,2,1,0,31,17,1.21,72,9,9,11,5,3,12
1,54,4,1,0,0,0,0,0,0,0,0,4,5,4,1,,1,5,4,1,4,4,4,4,4,3,3,2,,,30,22,1.61,56,14,13,16,8,11,5
1,33,3,0,0,0,0,0,0,0,1,0,7,,,,,,,3,3,,,4,3,4,1,5,2,1,0,,,,32,7,6,9,20,4,3
1,24,3,0,1,0,0,0,0,0,1,0,1,4,2,2,3,4,4,4,4,3,2,3,4,3,2,2,1,1,0,25,15,1.32,40,9,8,15,9,10,12
1,24,4,1,0,0,0,0,0,0,0,0,1,3,4,1,1,2,2,4,3,2,6,4,5,1,3,5,1,,,50,15,0.66,44,9,8,16,6,4,6
1,25,3,0,0,0,0,0,0,0,1,0,7,,,,,,,5,3,,,2,2,3,2,3,2,,,,,,36,9,6,10,15,15,7
1,24,2,1,0,0,0,0,0,0,1,0,1,1,4,1,1,3,4,1,1,2,2,4,5,1,3,2,3,,,38,9,0.52,68,10,14,12,5,7,10
1,31,4,1,0,0,0,0,0,0,1,0,1,3,4,2,3,1,2,4,1,3,4,4,4,3,3,5,3,,,42,12,0.63,56,9,13,5,17,14,7
2,27,3,0,1,0,0,0,0,0,1,0,1,4,2,1,1,4,3,4,4,4,4,4,4,4,4,2,2,,,28,6,0.47,32,9,9,11,9,6,6
1,23,3,0,0,0,0,0,0,0,1,0,7,,,,,,,3,2,,,5,5,2,2,4,2,1,1,,,,76,16,16,14,4,10,9
2,23,2,0,1,0,0,0,0,0,1,0,1,2,3,1,1,4,5,1,4,3,3,4,5,3,1,3,2,,,41,9,0.48,52,12,7,12,18,5,8
1,29,4,1,0,0,0,0,0,0,1,0,1,4,5,1,1,1,4,4,5,2,1,3,2,4,1,1,4,0,0,22,23,2.3,48,9,9,11,20,16,12
1,49,4,1,0,0,0,0,0,0,0,0,4,5,4,1,2,1,4,4,4,4,4,2,2,3,2,2,4,1,1,36,20,1.22,24,9,11,16,4,8,5
1,42,2,0,1,0,0,0,0,0,1,0,1,3,2,1,1,1,4,2,2,5,4,4,4,3,2,4,2,1,1,29,11,0.83,80,17,15,10,11,8,6
1,28,4,0,1,0,0,0,0,0,1,0,4,2,3,1,1,1,2,3,3,6,6,5,3,3,3,4,2,,,40,18,0.99,60,16,15,16,11,15,9
1,23,3,1,0,0,0,0,0,0,0,0,1,2,4,1,1,1,4,4,2,4,4,4,3,4,3,3,2,,,38,15,0.87,52,11,10,15,14,11,10
1,52,4,1,0,0,0,0,0,0,0,0,4,5,4,1,1,1,4,1,1,4,3,5,5,2,2,4,2,1,1,36,16,0.98,88,15,21,19,3,9,5
1,20,2,0,0,0,0,0,0,0,1,0,7,,,,,,,4,2,,,4,4,3,3,3,2,1,0,,,,60,10,9,12,12,6,3
2,23,2,1,0,0,0,0,0,0,1,0,1,1,4,1,1,1,4,3,2,5,5,5,5,3,4,4,1,,,44,10,0.5,64,10,14,10,13,13,6
2,21,2,1,0,1,0,0,0,0,0,0,1,1,4,1,1,1,5,2,1,5,5,5,5,1,3,4,4,,,55,6,0.24,92,15,17,16,5,9,3
1,20,2,1,0,0,0,0,0,0,1,0,1,1,4,1,1,1,3,2,2,5,5,5,4,3,2,4,2,,,48,11,0.5,72,13,12,10,12,11,7
2,34,4,0,0,0,0,0,1,0,0,0,7,,,,,,,2,3,,,4,4,3,2,4,3,1,1,,,,56,17,12,14,15,13,14
3,29,3,1,0,1,0,0,0,0,1,0,1,1,4,1,1,1,4,3,3,4,2,3,3,4,1,3,3,,,33,13,0.87,32,11,9,8,12,7,7
1,29,3,0,0,0,0,0,0,0,1,0,7,,,1,1,,,4,4,,,5,4,2,2,2,2,1,1,28,25,1.96,76,14,14,17,10,12,7
1,29,4,0,0,1,0,0,0,0,0,0,4,2,4,1,1,1,4,2,2,4,1,2,5,2,3,4,2,,,27,9,0.73,64,17,15,20,5,15,7
1,33,4,1,0,0,0,0,0,0,0,0,1,3,4,1,3,1,3,5,4,4,4,3,3,4,2,4,3,1,0,31,19,1.35,44,9,13,14,7,8,9
3,28,1,0,1,0,0,0,0,0,1,1,1,2,3,2,3,1,3,3,4,4,3,4,4,2,2,4,4,,1,28,16,1.26,56,4,5,6,13,14,9
1,24,3,0,1,0,0,0,0,0,1,0,1,1,3,1,1,4,4,5,5,4,4,4,4,3,1,3,4,,,38,10,0.58,56,8,5,15,10,18,3
1,26,3,1,0,0,0,0,0,0,1,0,1,1,4,1,1,1,3,5,4,5,5,2,4,3,1,5,3,,,49,7,0.31,20,6,7,12,12,6,5
1,25,3,1,0,0,0,0,0,0,1,0,1,1,4,3,3,4,4,2,4,4,4,3,4,2,2,4,2,1,1,,10,,64,10,16,14,13,15,8
2,30,2,0,0,0,0,0,1,1,1,0,6,,,,,,6,5,5,,,1,1,4,2,4,3,0,0,,,,36,13,16,6,9,16,16
1,44,4,1,0,0,0,0,0,0,0,0,4,4,4,1,1,1,4,2,2,4,4,4,4,1,2,5,2,,,44,16,0.8,84,12,12,15,8,10,6
1,20,2,0,0,0,0,0,0,0,1,0,1,3,1,1,1,4,4,2,1,5,4,4,3,1,1,5,1,1,1,47,13,0.61,76,14,12,16,4,4,5
2,32,4,0,1,0,0,0,1,0,1,0,5,4,2,1,1,2,5,2,3,6,6,5,5,2,3,5,0,1,1,31,7,0.5,84,13,17,19,8,12,5
1,27,3,0,1,0,0,0,0,0,1,0,1,4,2,2,2,4,5,4,3,4,4,4,4,3,2,4,2,,,43,11,0.56,72,16,14,13,6,8,5
1,26,3,1,0,0,0,0,0,0,1,0,1,1,4,1,1,4,1,3,2,5,4,4,4,3,2,3,2,,,53,9,0.37,48,8,6,6,9,8,11
1,26,3,0,1,0,0,0,0,0,0,0,1,3,3,1,1,4,5,2,3,2,2,4,5,3,3,3,0,1,,39,18,1.02,64,12,12,15,5,8,3
1,31,3,0,0,0,0,0,1,0,0,0,7,,,,,,,3,3,,,4,4,3,1,3,1,1,1,,,,60,12,9,11,10,9,10
2,41,2,1,0,0,0,0,0,0,0,0,2,4,5,3,3,4,3,5,5,1,2,2,2,4,1,4,4,1,0,23,23,2.2,24,7,14,13,6,6,3
1,30,4,1,0,0,1,0,0,0,1,0,1,3,4,1,1,4,4,4,5,3,3,4,4,4,1,5,2,1,,35,16,1.01,44,15,13,17,6,4,3
1,19,2,0,1,0,0,0,0,0,1,0,1,1,3,1,1,4,4,3,1,5,5,3,3,1,2,4,1,,,34,8,0.52,52,13,12,12,7,6,6
1,19,2,0,0,0,0,0,0,0,1,0,7,,,,,,,2,3,,,3,5,2,2,4,2,1,0,,,,64,15,17,16,14,14,10
1,29,3,0,1,0,0,0,0,1,1,0,6,1,1,1,1,1,3,3,2,4,3,4,3,3,2,5,1,1,0,26,10,0.85,48,11,12,15,6,13,5
1,23,3,0,1,0,0,0,0,0,1,0,1,4,1,1,1,4,2,3,2,5,4,4,4,2,4,5,1,1,,,,,64,7,12,16,11,6,9
2,42,3,1,0,0,1,0,0,0,0,0,4,3,4,1,1,1,5,2,3,5,2,4,4,3,1,5,2,1,1,54,20,0.81,60,20,15,17,10,11,13
2,27,4,0,0,0,0,0,0,0,1,0,6,,,,,,,2,3,,,3,4,1,1,4,4,,,,,,64,8,14,10,3,8,5
1,27,3,0,0,0,0,0,0,0,1,0,7,,,,,,,3,2,,,4,4,1,3,4,3,1,,,,,40,6,8,12,20,16,4
1,29,4,1,0,0,0,0,0,0,1,0,4,4,4,3,2,1,4,5,4,4,2,4,4,4,1,5,3,1,0,35,23,1.45,48,14,12,18,12,11,9
1,21,2,0,0,0,0,0,0,0,1,0,7,,,,,,,4,2,,,3,4,3,2,4,2,,1,,,,56,12,9,8,15,9,4
2,21,2,0,0,0,1,0,0,0,1,0,7,,,,,,,4,3,,,2,2,3,2,3,2,0,0,,,,32,7,7,6,14,6,14
2,23,2,0,0,0,0,0,0,0,1,0,7,,,,,,,3,4,,,2,3,1,1,3,1,1,,,,,64,9,15,15,10,9,10
1,32,3,1,0,0,0,0,0,0,1,0,1,1,4,1,1,1,4,2,2,4,4,4,4,1,3,5,2,1,1,50,10,0.44,72,17,19,15,6,9,10
1,52,2,0,1,0,0,0,0,0,1,0,6,3,1,1,1,2,3,3,4,5,5,4,3,1,2,5,1,1,0,48,12,0.55,56,8,16,14,9,16,9
2,24,3,1,0,0,0,0,0,0,1,0,1,3,4,1,1,1,5,4,3,5,4,4,3,2,2,5,2,,,54,15,0.61,40,9,10,11,7,7,6
2,34,3,1,0,0,0,0,0,0,0,0,2,5,4,1,,1,2,5,5,2,2,1,4,4,1,3,2,,0,32,23,1.58,24,12,8,10,13,14,11
2,28,4,1,0,0,0,0,0,0,0,0,4,3,4,1,1,1,4,2,3,5,5,4,5,3,4,3,2,,,42,9,0.47,72,11,16,15,3,8,5
1,32,4,1,0,0,0,0,0,1,1,0,6,1,4,1,1,4,2,3,2,2,2,4,2,4,2,4,2,1,1,36,14,0.86,48,8,11,11,8,7,8
2,34,4,1,0,0,0,0,0,0,0,0,1,2,4,1,1,4,4,4,3,5,5,3,4,2,2,4,2,1,0,40,22,1.21,60,14,11,14,10,14,10
1,29,2,1,0,0,0,0,0,0,1,0,1,3,4,1,1,1,4,5,4,4,4,4,2,2,3,5,2,,0,42,18,0.94,52,17,13,16,9,12,14
1,23,3,1,0,1,0,0,0,0,1,0,1,1,4,1,1,1,2,3,3,4,4,2,3,3,1,3,2,0,1,38,8,0.46,60,6,7,9,9,5,7
1,35,4,1,0,0,0,0,0,0,0,0,1,4,4,3,3,1,1,4,4,2,1,3,2,2,2,4,2,,,18,25,3.06,40,9,10,10,18,14,7
2,27,4,1,0,0,0,0,0,0,0,0,1,2,4,1,1,1,5,2,3,5,5,4,5,1,2,3,2,1,1,34,11,0.71,76,16,16,13,8,9,6
1,27,3,0,1,0,0,0,0,0,1,0,1,2,3,1,1,4,5,3,5,4,4,4,4,3,3,3,3,1,,38,5,0.29,56,7,12,13,12,7,5
1,24,3,0,1,0,0,0,0,0,1,0,6,2,1,1,1,1,5,4,3,5,5,4,3,3,2,5,2,1,0,49,7,0.31,32,14,10,10,6,4,3
2,50,4,1,0,0,0,0,0,0,0,0,4,5,4,1,1,1,5,2,2,4,4,5,4,3,2,5,3,1,1,50,18,0.79,60,15,12,13,13,9,5
1,28,3,1,0,0,0,0,0,0,1,0,1,1,4,1,1,4,4,3,2,2,1,4,4,2,2,5,3,1,1,29,15,1.14,56,18,12,11,7,5,3
1,36,3,1,0,0,0,0,0,0,1,0,1,2,5,3,2,1,5,4,5,2,2,2,2,2,1,3,4,,,23,12,1.15,60,14,16,15,9,11,7
2,52,4,1,0,0,0,0,0,0,0,0,1,4,5,1,1,2,5,2,1,5,4,4,5,2,2,5,1,,,35,11,0.69,84,15,13,17,4,8,6
1,27,3,0,1,0,0,0,0,0,1,0,1,3,2,1,1,4,4,4,3,4,2,4,4,3,4,4,3,1,1,48,16,0.73,72,12,16,13,8,9,11
1,40,4,1,0,0,0,0,0,0,0,0,1,3,5,1,1,1,4,4,4,3,2,4,3,3,2,2,3,1,0,29,,,60,13,12,14,16,17,8
2,34,2,0,0,0,0,0,0,1,1,0,7,,,,,,,5,3,6,6,2,2,4,2,2,2,,,28,20,1.57,36,7,13,6,14,9,15
1,36,4,0,0,0,0,0,0,0,1,1,7,4,1,1,1,1,5,2,4,5,5,4,5,1,2,5,3,1,,,,,60,15,17,19,5,12,3
1,20,2,0,1,1,0,0,0,0,1,0,1,1,4,1,1,3,5,2,2,2,6,4,4,2,4,4,2,,1,43,12,0.61,68,12,14,13,12,11,10
2,27,3,1,0,0,0,0,0,0,1,0,1,1,4,1,1,1,4,4,2,4,4,4,4,3,3,4,4,,,46,13,0.62,48,13,13,13,13,12,13
2,21,2,0,0,0,0,0,0,0,1,0,7,,,,,,,2,1,,,4,5,3,3,4,0,,,,,,84,9,18,14,4,3,5
1,23,3,1,0,1,0,0,0,0,1,0,6,1,4,1,1,4,4,2,1,4,4,5,5,1,3,5,2,0,1,48,17,0.78,68,8,13,12,4,10,4
1,23,4,0,0,1,0,0,0,0,1,0,6,1,3,1,1,4,2,2,3,4,4,4,4,2,3,4,1,,,45,8,0.39,48,17,13,12,9,13,8
2,21,3,1,0,0,0,0,0,0,1,1,1,1,4,,,1,5,3,3,4,4,5,5,2,4,5,2,1,1,45,13,0.64,76,15,17,19,6,9,6
1,24,2,0,0,0,0,0,0,0,1,0,7,,,,,,,4,3,,,3,3,4,3,4,1,,0,,,,20,8,8,17,11,10,7
2,22,4,0,0,0,0,0,0,0,1,0,1,1,,1,1,3,4,3,4,5,4,5,5,2,2,5,4,,,38,19,1.1,80,14,10,8,14,14,5
1,24,2,1,0,0,0,0,0,0,1,0,1,1,4,1,1,4,3,2,2,4,4,5,5,3,4,5,2,0,1,48,18,0.83,68,16,13,17,9,11,10
1,22,2,1,0,0,0,0,0,0,0,0,1,4,4,1,1,4,2,4,3,2,4,4,4,3,1,4,0,1,0,40,13,0.72,52,11,9,14,10,7,8
1,20,2,0,1,0,0,0,0,0,1,0,1,2,2,1,1,4,5,2,3,5,5,5,5,1,2,4,2,,,48,9,0.41,68,14,16,19,7,12,6
1,31,4,0,0,0,0,0,0,0,0,1,4,3,4,1,1,1,2,4,1,4,4,4,2,4,2,4,3,,0,46,18,0.86,40,13,16,11,5,15,5
3,25,3,0,0,0,0,0,0,0,1,0,7,,,,,,,3,2,,,5,5,2,3,4,2,,,,,,80,8,21,21,3,15,3
1,24,3,1,0,0,0,0,0,0,0,0,1,3,4,2,3,1,3,3,1,4,4,4,4,3,2,5,2,,,41,15,0.8,60,11,14,13,6,10,9
1,22,2,0,0,0,0,0,0,0,1,1,5,3,1,1,1,1,3,2,3,5,5,2,2,4,1,4,3,1,0,33,12,0.8,36,11,18,14,9,15,4
1,19,2,0,0,0,0,0,0,0,1,0,7,,,,,,,4,5,,,3,2,2,2,5,3,1,1,,,,60,17,8,12,14,16,10
2,40,3,1,0,0,1,0,0,0,0,1,3,5,3,1,2,1,4,2,2,5,5,4,4,3,2,5,0,1,0,40,21,1.16,60,14,18,19,5,11,12
2,25,2,1,0,0,0,0,0,0,1,0,2,3,4,1,1,3,4,2,2,5,5,5,5,1,3,3,2,1,1,44,13,0.65,64,12,15,14,7,9,4
2,33,4,0,1,0,0,0,0,0,1,0,1,4,1,1,1,4,2,3,3,2,2,2,2,3,2,5,1,,1,30,16,1.17,20,12,17,17,11,13,10
1,24,4,1,0,0,0,0,0,0,0,0,1,3,4,1,1,1,4,3,2,3,4,4,5,2,3,4,3,,1,44,19,0.95,100,16,16,17,10,13,4
1,32,2,0,0,0,0,0,0,0,1,0,7,,,,,4,,2,2,,,4,4,2,2,4,2,0,1,,,,68,15,14,13,13,11,9
2,29,2,1,0,0,0,0,0,0,1,0,4,1,4,1,1,4,4,4,1,4,3,4,5,3,3,5,1,,,46,20,0.96,60,12,12,14,14,7,4
1,31,4,0,1,0,0,0,0,0,1,0,3,3,3,1,1,1,5,3,3,2,2,4,4,3,3,5,1,1,1,31,16,1.14,60,13,18,17,6,12,5
1,30,3,0,1,0,0,0,0,0,1,0,1,4,3,1,,4,4,2,2,5,5,4,5,2,3,5,2,,0,48,10,0.46,64,13,16,14,6,10,12
1,39,4,1,0,0,0,0,0,0,0,0,3,4,5,1,1,1,3,3,2,6,5,4,5,3,2,4,2,0,0,44,25,1.25,28,14,11,13,13,15,11
2,27,3,0,1,0,0,0,0,0,1,0,4,3,2,1,1,1,4,4,2,4,5,3,3,2,2,3,1,,,41,8,0.43,48,8,10,10,11,6,6
1,36,4,1,0,0,0,0,0,0,0,1,6,4,4,1,1,1,4,3,4,2,4,5,4,2,2,4,3,1,0,39,23,1.3,60,14,14,15,13,10,7
1,25,3,1,0,0,0,0,0,0,1,0,1,1,4,1,1,1,4,4,4,5,5,4,4,2,3,5,2,,0,52,,,56,13,15,13,10,11,10
1,22,2,0,0,0,1,0,0,0,1,0,7,,,,,,,4,3,,,2,3,2,3,4,2,,0,,,,36,8,9,8,14,15,8
1,28,3,1,0,0,0,0,0,0,1,0,1,3,4,1,1,1,3,4,3,6,2,4,4,1,2,5,2,1,,29,22,1.67,48,12,11,12,10,12,6
1,33,4,0,0,0,0,0,0,0,1,0,7,,,,,,,4,5,,,2,4,4,2,2,3,,,,,,24,7,9,8,14,16,14
1,36,3,0,0,0,0,0,0,1,1,0,7,,,,,,,4,3,,,1,1,4,2,2,2,,,,,,28,9,9,5,20,14,8
1,26,3,0,1,0,0,0,0,0,1,0,1,2,3,1,1,4,4,3,3,4,4,3,4,2,2,3,3,,,37,9,0.54,64,8,8,8,10,11,7
2,37,3,0,0,0,0,0,1,0,0,1,6,,,,1,,,4,5,,,4,4,3,2,3,1,0,0,,,,60,19,13,13,21,10,17
1,40,2,0,1,0,0,0,0,0,1,0,1,4,2,,,,4,3,2,3,3,4,4,2,2,3,2,,0,,,,56,10,8,18,11,7,5
1,26,3,0,0,0,0,0,0,0,1,0,7,,,,,,,4,4,,,2,2,3,3,3,2,,0,,,,44,15,13,17,7,10,3
1,21,2,0,0,0,0,0,0,0,1,0,7,,,,,,,4,3,,,4,3,3,4,4,2,,0,,,,44,9,11,19,9,13,12
1,22,2,0,0,0,0,0,0,0,1,0,7,,,,,,,4,4,,,3,2,3,2,2,3,,0,,,,36,8,4,10,10,8,4
1,62,4,0,0,0,1,0,0,0,0,0,4,5,3,1,1,2,2,4,2,3,3,4,4,4,3,3,1,1,1,37,18,1.07,60,15,19,19,7,15,16
1,39,4,1,0,0,0,0,0,0,1,0,1,1,4,3,3,1,4,4,4,4,3,3,4,2,1,2,4,,,29,16,1.21,44,11,13,12,16,10,7
1,23,4,0,1,0,0,0,0,0,1,0,1,3,1,1,1,1,5,3,1,3,4,4,4,3,1,5,2,1,1,51,17,0.73,68,10,6,15,13,5,4
1,58,4,0,1,0,0,0,0,0,1,0,6,4,1,1,1,2,5,2,3,5,5,3,3,2,2,4,0,1,1,43,6,0.31,60,12,13,14,4,6,4
1,23,3,0,1,0,0,0,0,0,1,0,1,1,2,1,1,4,4,3,3,4,4,4,4,3,2,3,2,1,0,41,18,0.97,44,13,13,14,10,11,5
1,42,3,1,0,0,0,0,0,0,0,0,1,5,4,1,1,1,3,2,1,2,4,2,3,1,1,2,0,1,1,34,22,1.42,76,11,13,16,10,14,8
1,35,4,0,1,0,1,0,0,0,1,0,1,3,2,1,1,1,5,5,5,3,2,2,3,4,4,2,4,0,0,36,16,0.98,40,15,13,19,4,12,3
2,26,3,1,0,1,0,0,0,0,1,0,1,3,4,1,1,1,2,3,2,4,4,4,4,4,3,4,2,1,0,42,14,0.73,72,11,13,12,11,13,8
1,25,2,1,0,1,0,0,0,0,0,0,2,3,5,1,3,2,4,2,1,4,2,4,4,3,3,5,0,1,0,36,16,0.98,60,14,11,14,9,12,8
1,35,3,1,0,0,0,0,0,0,1,0,1,1,4,1,1,4,4,3,2,5,4,2,4,1,3,4,1,,,41,11,0.59,36,8,8,4,9,6,5
1,29,4,1,0,0,0,0,0,0,1,0,1,2,4,1,1,1,5,2,3,4,5,5,5,2,3,5,2,0,1,48,10,0.46,84,18,20,18,4,12,5
1,24,3,1,0,0,0,0,0,0,1,0,1,1,4,1,,1,3,4,2,3,4,5,4,3,3,4,2,,20,42,9,0.47,56,13,13,18,13,12,5
1,32,3,0,0,0,0,0,0,0,1,0,7,,,3,3,,,3,5,,,4,3,4,3,5,1,0,,,,,20,8,7,8,11,12,5
1,23,2,0,0,0,0,0,0,0,1,0,7,,,,,,,5,5,,,2,1,4,1,4,2,,0,,,,4,10,12,14,12,17,9
1,42,3,1,0,0,0,0,0,0,1,0,1,5,4,1,1,4,5,4,4,2,2,4,4,3,2,5,2,1,0,33,25,1.67,40,15,15,15,8,11,7
1,41,4,1,0,0,0,0,0,0,0,0,4,4,2,1,1,1,5,2,3,1,1,4,5,2,2,5,1,,,43,12,0.61,76,14,14,16,10,11,13
1,29,3,0,1,0,0,0,0,0,1,0,1,2,2,1,1,4,2,3,3,3,4,3,4,3,3,4,1,0,0,38,11,0.64,44,6,7,10,10,6,6
1,24,4,0,0,0,0,0,0,0,1,0,7,,,,,,,2,3,,,4,5,3,2,3,1,,,,,,76,14,14,16,9,8,8
1,22,2,0,0,1,0,0,0,0,1,0,1,1,4,1,1,1,4,4,3,5,5,4,4,1,3,5,4,1,0,49,7,0.31,48,16,16,15,13,11,5
1,26,3,0,1,0,0,0,0,0,1,0,1,2,1,1,1,3,4,4,3,4,4,4,3,3,2,3,3,1,0,33,10,0.67,64,13,9,14,10,11,7
2,41,3,1,0,0,0,0,0,0,0,0,1,4,4,1,1,1,5,4,1,4,4,3,3,4,3,5,2,,,46,12,0.57,44,14,17,16,11,16,4
1,25,2,1,0,0,0,0,0,0,0,0,1,1,4,1,1,4,5,1,2,4,4,4,4,2,2,5,2,0,1,28,18,1.41,68,13,16,18,4,11,3
1,49,4,0,0,0,0,0,0,0,1,0,7,,,,,,,3,3,,,4,3,1,1,4,2,,,,,,60,11,13,19,9,9,6
1,36,3,0,1,0,0,0,0,0,1,0,1,2,2,1,1,1,3,3,3,5,5,4,4,3,3,5,2,1,0,41,7,0.38,52,17,12,16,10,12,5
1,21,2,0,1,0,0,0,0,0,1,0,1,3,1,1,1,4,3,5,5,5,6,1,2,2,3,3,4,,0,36,5,0.31,20,13,4,15,16,17,3
1,27,2,1,0,0,0,0,0,0,1,0,1,1,4,1,1,1,4,2,2,4,4,4,3,1,3,5,2,,1,49,6,0.27,72,10,11,13,4,3,9
3,46,4,0,0,0,0,0,0,0,0,1,6,4,4,1,1,1,4,4,4,2,2,5,5,3,3,3,3,0,1,29,17,1.29,64,19,20,18,6,21,18
1,48,3,1,0,0,0,0,0,0,0,0,6,1,4,1,1,1,4,2,5,6,6,4,4,3,3,4,1,1,1,36,18,1.1,56,19,14,19,11,12,9
1,24,3,0,1,0,0,0,0,0,1,0,1,3,1,1,1,1,4,3,1,5,5,4,5,2,2,5,2,0,1,50,13,0.57,56,14,13,12,14,13,18
1,25,3,0,0,0,0,0,0,0,1,0,7,,,,,,,4,4,,,4,4,2,2,3,1,,,,,,56,13,15,12,5,13,6
1,25,2,0,0,1,0,0,0,0,1,0,1,1,5,1,1,1,2,5,3,4,4,4,4,1,4,4,2,0,0,41,21,1.13,64,10,11,9,13,13,7
1,38,4,1,0,0,1,0,0,0,1,0,4,4,4,3,2,1,4,4,4,1,1,4,5,2,2,4,3,,,27,14,1.14,72,14,9,14,9,15,6
1,24,2,0,0,0,0,0,0,0,1,1,7,,,1,1,,,2,2,,,4,5,2,3,5,3,,,,,,80,12,13,14,9,9,13
1,28,2,1,0,0,0,0,0,0,1,0,1,3,4,1,1,4,4,3,3,6,2,4,3,3,3,5,2,1,0,36,25,1.53,36,4,9,9,17,4,5
1,26,2,0,0,0,0,0,0,0,1,0,7,,,,,,,3,4,,,4,4,3,3,4,4,,0,,,,52,8,6,9,15,10,5
1,64,4,1,0,0,1,0,0,0,0,0,4,5,4,,2,1,5,2,2,4,4,5,5,3,2,4,3,,1,39,15,0.85,76,14,10,12,13,12,12
1,26,4,1,0,0,0,0,0,0,0,0,1,3,5,2,1,4,4,3,1,3,4,4,4,3,2,5,1,1,,51,16,0.69,44,16,13,14,6,10,4
1,44,4,1,0,0,0,0,0,0,0,0,4,3,5,1,2,1,4,5,3,4,4,2,4,4,3,3,3,1,,45,25,1.22,52,17,7,19,13,6,5
1,44,2,0,0,0,0,0,0,0,1,0,7,,,,,,,3,3,,,4,4,4,2,5,2,,1,,,,68,16,12,14,12,9,7
1,46,3,0,1,0,0,0,0,0,1,0,5,3,1,1,1,1,2,5,4,3,3,2,2,4,1,4,3,1,0,30,14,1.03,32,10,11,19,13,14,10
1,27,2,0,1,0,0,0,0,0,1,0,1,3,1,1,1,4,3,2,2,4,5,4,5,1,2,3,2,1,1,39,6,0.34,68,15,11,14,10,6,5
1,23,2,0,0,0,0,0,0,0,1,0,7,,,,,,,3,5,,,3,2,2,2,4,2,,,,,,60,9,14,8,6,6,13
2,25,4,1,0,0,0,0,0,0,0,0,6,2,4,3,1,1,4,2,3,4,4,4,4,2,3,2,3,1,1,40,12,0.66,72,11,15,15,6,7,6
2,39,4,1,0,0,1,0,0,0,0,0,6,4,4,1,1,2,2,3,4,2,2,4,4,3,2,1,2,0,1,30,19,1.39,60,12,13,9,14,13,10
1,27,2,0,1,0,0,0,0,0,1,0,1,3,1,1,1,4,5,3,3,6,6,4,5,3,3,4,2,1,1,42,9,0.47,64,13,15,19,11,11,4
1,23,2,0,0,0,0,0,0,0,1,0,7,,,,,,,4,2,,,2,3,4,2,3,1,0,0,,,,36,11,9,14,10,6,8
1,29,4,0,1,0,0,0,0,0,1,0,5,3,3,1,1,4,4,4,3,3,4,4,5,3,2,5,2,,,48,19,0.87,68,12,13,15,12,10,11
1,34,4,0,0,0,0,0,0,0,1,0,7,,,,,,,4,3,,,3,4,4,3,4,4,,0,,,,64,11,10,13,13,11,6
1,39,4,0,1,0,0,0,0,0,1,0,1,4,5,3,2,4,3,4,2,4,4,5,5,2,3,5,4,,1,38,22,1.27,68,13,16,16,7,11,7
1,58,2,0,0,0,0,0,0,1,1,0,7,,,,,,,3,3,,,4,3,3,2,3,4,1,0,,,,64,17,18,18,9,17,12
3,25,2,0,1,0,0,0,0,0,1,0,1,4,1,,,4,4,3,2,5,4,4,3,3,2,4,2,1,0,43,9,0.46,60,8,10,11,11,8,4
1,32,4,0,1,0,0,0,0,0,1,0,1,4,2,1,2,4,5,5,5,4,2,4,3,4,2,2,3,1,1,28,14,1.1,60,15,11,15,12,10,7
1,41,2,1,0,0,0,0,0,0,0,0,1,2,4,1,1,4,4,4,4,5,4,2,4,3,2,4,3,,0,34,20,1.29,48,12,15,16,11,15,12
1,25,3,0,0,0,0,0,0,0,1,0,7,,,,,,,2,4,,,5,5,2,3,5,2,,,32,18,1.24,76,12,13,16,15,15,4
1,25,3,0,0,0,0,0,0,0,1,0,7,,,,,,,5,5,,,2,2,4,1,4,2,,,,,,16,9,9,11,7,8,3
1,26,3,0,0,0,0,0,0,0,1,0,7,,,,,,,4,4,,,3,3,3,3,3,1,0,0,,,,56,10,11,12,12,11,9
1,30,3,0,1,0,0,0,0,0,1,0,1,2,2,1,1,4,2,3,4,2,4,4,4,2,1,3,2,0,0,30,19,1.39,56,15,12,15,15,13,5
1,23,2,0,0,0,0,0,0,0,1,0,7,,,,,,,5,5,,,2,2,2,3,5,2,,0,,,,28,5,7,3,17,11,7
1,21,2,0,1,0,0,0,0,0,1,0,1,1,1,1,1,4,3,3,3,4,4,3,5,2,2,5,3,1,0,37,9,0.54,56,7,7,8,16,12,4
2,25,2,1,0,0,0,0,0,0,1,0,1,2,4,1,,1,5,2,2,2,5,4,4,1,2,5,3,,0,52,8,0.34,60,7,10,13,6,9,6
1,23,2,0,0,0,0,0,0,0,1,0,7,,,,,,,4,4,,,4,4,3,2,5,2,1,,,,,32,7,11,13,11,11,6
2,42,3,0,0,0,0,0,0,0,1,1,7,,,,,,,3,2,,,2,2,3,3,2,2,0,0,,,,28,13,15,14,11,10,10
1,45,4,0,1,0,0,0,0,0,0,0,1,3,4,1,1,1,4,4,3,1,1,4,4,3,3,3,4,0,1,27,18,1.47,80,12,12,13,11,11,13
1,36,3,1,0,0,0,0,0,0,0,0,3,4,4,1,1,1,2,3,3,6,4,4,3,2,2,3,3,1,0,41,18,0.97,48,12,7,10,12,6,7
2,23,2,0,1,0,0,0,0,0,1,0,1,4,2,1,1,4,4,2,2,5,5,4,5,2,4,4,1,,,47,9,0.42,64,10,16,12,7,11,6
1,28,4,1,0,0,0,0,0,0,0,0,5,4,5,1,1,1,5,4,2,5,5,3,3,4,2,4,4,,1,47,19,0.89,36,11,12,17,5,13,9
2,61,4,0,1,0,0,0,0,0,0,0,4,5,4,1,1,1,4,3,3,2,2,3,4,3,3,1,3,,,18,17,2.08,68,13,11,11,10,8,11
1,40,4,1,0,0,0,0,0,0,0,0,6,2,4,1,1,4,4,5,3,4,4,3,5,3,2,5,1,,,37,25,1.49,68,13,11,14,14,8,6
3,27,3,1,0,0,0,0,0,0,1,0,1,4,4,1,1,1,4,2,2,5,5,5,5,1,2,4,3,0,0,46,13,0.62,76,9,8,6,10,6,4
1,25,3,0,1,0,0,0,0,0,1,0,5,1,2,1,1,1,4,4,5,2,3,4,4,2,3,4,3,1,0,,,,60,16,15,19,6,10,5
2,76,4,0,0,0,0,0,0,1,0,0,7,,,1,1,,,3,3,,,4,2,3,2,2,4,1,0,34,10,0.65,64,13,10,11,11,12,10
1,24,2,1,0,0,0,0,0,0,1,0,1,1,4,1,1,1,5,5,2,2,4,2,1,3,1,5,2,1,0,52,18,0.76,20,6,7,10,14,7,11
1,46,4,1,0,0,0,0,0,0,0,0,6,4,5,1,1,1,1,2,1,5,4,4,5,2,3,5,1,,1,47,10,0.47,80,15,14,16,3,12,7
1,61,4,1,0,0,0,0,0,0,0,0,3,5,5,2,3,1,6,2,1,4,1,4,4,4,1,4,2,1,1,33,19,1.27,72,10,10,15,7,6,15
2,32,2,0,0,0,0,0,1,0,1,0,7,,,,,,,3,3,,,4,4,1,2,4,2,,,,,,44,15,13,16,11,9,11
1,25,2,1,0,0,0,0,0,0,1,0,1,2,4,1,1,1,5,3,5,2,2,4,2,3,2,3,1,1,0,27,19,1.55,52,10,13,15,9,13,5
1,40,4,1,0,0,0,0,0,0,0,0,4,2,4,1,1,1,4,2,2,4,4,4,4,3,2,4,2,1,1,46,16,0.77,76,15,16,16,7,11,12
2,27,3,0,0,0,0,0,1,0,0,0,7,,,,,,,2,3,,,4,2,4,2,4,4,,,,,,80,6,7,8,3,6,4
1,33,3,0,0,0,0,0,0,0,1,1,7,,,3,3,,,5,5,,,2,2,4,2,2,4,,0,23,22,2.1,20,5,11,5,11,6,11
1,51,4,1,0,0,0,0,0,0,0,0,4,5,4,2,2,1,4,2,2,3,2,4,5,2,2,4,4,0,1,46,15,0.72,72,13,13,10,7,5,3
1,28,3,1,0,0,0,0,0,0,0,0,1,4,4,1,,1,2,4,1,5,5,4,5,2,3,5,4,,,48,15,0.69,64,12,14,17,9,10,3
2,52,3,1,0,0,1,0,0,0,0,0,1,5,4,1,2,4,3,3,3,4,2,3,2,3,1,3,4,0,1,35,22,1.38,48,19,13,12,11,18,7
1,48,3,1,0,0,0,0,0,0,0,0,4,5,4,1,1,1,2,4,3,4,2,4,2,4,1,5,4,,0,41,18,0.97,48,16,15,16,12,5,10
1,45,3,0,1,0,0,0,0,0,1,0,1,4,1,1,1,4,5,1,2,5,5,4,3,2,2,5,2,,1,38,6,0.35,60,9,11,13,11,10,3
1,48,4,1,0,0,0,0,0,0,0,0,4,1,4,1,,1,3,4,4,3,3,4,2,3,2,3,4,0,0,29,18,1.37,56,12,13,14,12,14,13
1,32,4,1,0,0,0,0,0,0,1,0,1,4,4,1,1,1,4,3,3,4,4,4,4,3,2,4,2,,0,36,13,0.79,56,9,11,9,11,6,8
1,23,3,1,0,0,0,0,0,0,1,0,1,2,4,2,2,1,4,3,3,5,4,4,3,3,2,4,3,0,1,36,17,1.04,56,14,10,13,9,11,10
1,22,3,1,0,0,0,0,0,0,1,0,1,1,4,1,1,1,2,2,1,5,5,4,5,2,3,5,2,1,1,51,6,0.26,80,11,12,8,7,13,6
1,22,2,0,0,0,0,0,0,0,1,1,7,,,,,,,5,3,,,4,3,3,2,3,4,,,,,,64,12,15,9,14,13,10
2,49,3,0,1,0,0,0,0,0,1,0,1,1,3,1,1,4,5,4,3,6,6,2,5,4,2,3,2,1,0,33,13,0.87,28,9,12,12,8,5,6
1,66,2,0,0,0,0,0,0,0,1,0,7,,,,,,,3,1,,,4,3,2,2,1,0,,,,,,36,6,12,7,6,6,6
2,30,3,0,0,0,0,0,0,0,1,0,7,,,,,,,2,3,,,3,5,3,1,4,3,1,0,,,,48,6,13,3,8,4,13
2,57,4,0,0,0,0,0,0,1,0,0,4,,,,,,,2,2,,,1,4,3,3,4,2,1,0,,,,48,14,11,11,3,5,5
1,21,2,0,1,0,0,0,0,0,1,0,6,3,1,1,1,1,2,2,1,5,5,4,4,2,1,4,2,,,,,,84,14,14,14,5,10,5
1,28,4,1,0,0,0,0,0,0,1,0,1,1,4,1,1,1,4,1,4,5,5,4,3,1,2,4,2,1,1,38,18,1.04,64,14,15,14,5,8,4
2,21,2,0,0,0,0,0,0,0,1,0,1,1,2,1,1,,,1,2,,,4,5,1,2,3,2,,,,,,60,14,14,12,11,4,5
2,32,2,0,1,0,0,0,0,0,1,0,4,3,3,3,3,1,4,4,3,4,4,2,3,3,3,5,4,1,1,47,14,0.66,56,6,12,9,20,13,10
2,64,4,0,0,0,0,0,0,1,0,0,6,,,,,,,2,2,,,3,3,2,2,1,3,0,1,,,,48,14,10,6,15,9,15
2,29,3,1,1,0,0,0,0,0,1,0,1,1,5,1,1,1,2,4,4,4,5,3,3,2,3,3,2,1,0,39,18,1.02,68,9,5,11,16,12,10
2,27,3,0,0,0,0,0,0,0,1,0,1,4,1,1,1,4,3,5,5,4,4,2,2,4,4,3,2,,,28,8,0.63,20,6,6,12,11,8,8
2,68,4,0,0,0,0,0,0,1,0,0,4,,,,,,,2,2,,,4,5,2,2,4,3,1,1,42,18,0.94,76,16,14,11,11,11,12
2,40,4,0,0,0,0,0,1,0,0,0,4,1,4,1,1,1,,2,4,5,5,4,5,2,3,3,0,,0,30,15,1.1,68,10,15,12,7,7,9
2,27,4,1,0,0,1,0,0,0,1,0,4,4,4,1,1,1,4,3,2,5,4,3,4,3,2,3,1,0,,36,11,0.67,44,10,12,17,16,18,15
1,28,3,0,0,1,0,0,0,0,1,0,1,1,4,1,1,1,4,4,3,5,4,4,3,4,2,4,2,1,1,47,16,0.75,40,14,16,15,15,7,6
1,20,2,0,0,0,0,0,0,0,1,0,7,,,,,,,4,3,,,4,4,3,2,3,2,,,,,,72,12,11,14,11,11,6
1,29,2,0,1,0,0,0,0,0,1,1,1,3,1,1,1,2,6,5,3,3,4,2,1,4,1,5,4,1,0,42,12,0.63,44,14,10,8,5,15,10
2,30,3,1,0,0,0,0,0,0,0,0,4,3,5,3,3,3,5,2,3,5,3,4,3,2,2,3,1,,,27,24,1.96,76,8,14,8,9,11,8
1,35,4,1,0,0,0,0,0,0,0,0,1,4,4,1,1,1,5,3,3,5,5,4,5,2,2,4,3,,1,35,13,0.82,80,9,14,17,6,6,6
1,34,3,0,0,0,0,0,0,0,1,0,1,3,1,1,1,,6,4,4,,,4,4,3,3,3,3,1,0,,,,52,11,13,11,9,3,8
1,30,4,1,0,0,0,0,0,0,1,0,1,4,4,2,2,1,3,2,2,3,2,4,4,2,3,4,2,,,34,16,1.04,72,15,12,7,11,11,4
3,31,3,0,0,0,0,0,0,0,1,0,7,,,,,,,4,3,,,4,4,4,2,4,1,,0,,,,64,13,12,11,15,14,10
1,41,4,0,1,0,0,0,0,0,0,0,4,5,3,1,1,1,2,4,3,2,2,4,4,2,2,3,1,,,28,15,1.18,72,16,15,19,5,9,3
1,20,2,0,0,1,0,0,0,0,1,0,1,1,3,1,1,,,2,3,,,4,4,3,2,3,1,,1,41,8,0.43,52,15,11,12,11,6,6
2,37,3,0,1,0,0,0,0,0,1,0,1,1,1,1,1,4,6,2,2,4,2,5,5,1,3,5,4,0,,48,6,0.28,80,15,17,14,11,14,5
1,29,4,0,1,0,0,0,0,0,1,0,4,3,2,1,1,1,2,3,2,4,6,4,3,2,3,4,3,0,0,43,8,0.41,76,10,10,13,8,7,5
1,33,3,1,0,0,0,0,0,0,1,0,1,2,4,1,1,1,4,2,3,2,3,5,4,1,1,4,2,,,44,8,0.4,68,14,14,16,9,11,5
2,30,4,1,0,0,0,0,0,0,0,0,1,4,5,1,1,2,4,4,3,1,1,2,5,3,2,2,1,,1,24,17,1.56,52,16,16,16,6,17,10
1,28,3,1,0,0,0,0,0,0,0,0,1,3,4,1,1,1,2,2,1,5,4,4,4,3,2,5,3,,,53,14,0.58,68,10,7,12,12,6,7
1,31,3,1,0,0,0,0,0,0,1,0,4,4,4,1,1,1,4,4,2,2,2,3,3,2,2,4,3,,,36,20,1.22,60,12,13,11,10,12,6
1,31,4,1,0,0,0,0,0,0,0,0,1,3,4,1,,1,3,3,2,1,2,5,4,3,3,5,3,,,42,13,0.68,76,19,17,15,4,15,6
1,21,2,1,0,0,0,0,0,0,0,0,1,1,4,1,1,4,5,2,1,5,5,4,3,1,2,4,1,,,52,8,0.34,56,12,12,10,11,7,3
2,24,2,1,0,0,0,0,0,0,1,1,1,1,4,1,1,4,3,3,2,1,1,3,4,1,1,4,1,1,0,38,9,0.52,48,3,3,3,13,3,3
1,21,2,0,0,0,0,0,0,0,1,0,7,,,,,,,3,4,,,4,5,3,3,5,3,,1,,,,72,14,12,11,14,7,6
1,19,2,0,1,0,0,0,0,0,1,0,1,2,1,,,,,3,2,5,5,3,4,2,2,3,1,,1,42,6,0.31,84,12,12,20,8,10,12
2,24,3,0,1,0,0,0,0,0,1,0,4,3,1,1,1,1,4,3,1,4,5,5,4,1,3,5,1,1,0,49,10,0.45,76,8,17,10,9,11,8
1,35,4,1,0,0,0,0,0,0,1,0,4,2,5,1,1,1,4,3,2,5,5,1,5,1,2,4,4,1,0,53,14,0.58,72,12,10,13,11,8,7
1,26,2,0,1,0,0,0,0,0,1,0,1,1,2,1,1,4,2,4,4,4,4,4,3,4,2,4,3,1,,35,11,0.69,48,7,8,14,14,14,3
1,28,4,1,0,0,0,0,0,0,1,0,1,2,4,1,1,1,3,3,1,5,4,3,4,4,2,4,1,,0,43,,,44,7,12,11,11,6,9
1,25,2,1,1,0,0,0,0,0,1,0,2,3,2,1,1,4,4,2,4,5,4,5,5,2,2,4,2,1,1,38,14,0.81,60,8,9,9,18,6,14
1,36,4,0,0,0,0,0,0,0,0,1,6,3,3,1,1,2,5,3,4,4,4,4,4,3,3,3,3,,,40,12,0.66,72,9,7,9,11,11,6
1,25,4,1,0,0,0,0,0,0,0,0,1,3,4,1,1,1,2,1,1,4,4,5,5,2,3,5,3,,1,45,14,0.68,96,13,12,12,11,14,4
1,38,4,0,1,0,0,0,0,0,0,0,1,3,3,1,1,1,2,4,2,4,4,2,3,3,2,4,2,1,0,38,18,1.04,44,11,10,13,18,13,12
1,34,4,1,0,0,0,0,0,0,0,0,1,4,4,1,1,1,4,2,1,,5,4,4,2,2,4,1,,1,47,16,0.75,72,14,13,16,5,6,6
1,33,4,0,0,0,0,0,1,0,1,0,7,,,,,,,4,5,,,4,4,3,3,3,4,1,0,,,,60,13,13,14,8,6,10
1,52,4,1,0,0,0,0,0,1,0,0,4,5,3,1,1,2,4,2,2,4,4,4,2,2,2,2,3,,,46,20,0.96,56,18,16,16,5,7,9
2,21,2,0,0,1,0,0,0,0,1,0,1,1,4,1,1,1,4,3,1,4,5,5,4,1,1,4,1,1,0,50,15,0.66,76,17,13,16,4,9,7
1,32,4,0,1,0,0,0,0,0,0,0,1,4,3,1,1,1,5,3,1,1,1,5,5,1,4,4,2,1,1,34,8,0.52,80,18,13,21,4,7,7
1,32,4,1,0,0,0,0,0,0,1,0,1,3,4,1,1,1,4,4,3,2,3,4,5,3,4,3,1,,1,50,11,0.48,56,18,18,17,7,8,6
2,25,3,1,0,0,0,0,0,0,1,0,1,3,5,1,1,2,4,3,3,4,2,3,4,4,3,2,2,,,29,16,1.21,72,16,18,20,14,20,9
2,36,4,0,0,0,0,0,1,0,0,0,7,,,3,3,,,3,5,,,1,1,4,1,1,1,1,0,,,,24,17,14,17,7,5,18
1,20,3,0,1,0,0,0,0,0,1,0,1,2,3,1,1,4,4,3,3,5,4,2,2,2,3,1,1,1,,38,16,0.93,12,13,11,18,14,13,11
1,21,2,1,0,0,0,0,0,0,1,0,1,2,4,1,1,4,2,4,3,5,5,4,4,2,2,3,1,,,34,10,0.65,40,11,9,11,13,8,6
1,32,4,1,0,0,0,0,0,0,0,0,1,2,4,1,1,1,2,2,3,4,4,4,4,3,1,3,1,0,1,23,10,0.96,68,7,5,8,12,3,8
2,24,4,1,0,0,0,0,0,0,0,0,1,2,4,1,1,2,2,1,3,5,4,3,3,3,2,2,2,1,,46,13,0.62,64,12,13,14,15,14,10
1,21,2,0,0,0,0,0,0,0,1,0,7,,,,,,,5,2,,,3,4,2,2,4,2,1,0,,,,52,13,12,14,11,7,6
2,23,3,1,0,0,0,0,0,0,0,0,1,1,4,1,1,1,4,4,2,5,5,4,4,4,3,3,2,,,48,12,0.55,52,13,13,11,7,12,6
3,20,2,0,1,0,0,0,0,0,1,0,1,3,3,1,1,4,6,2,2,4,4,5,4,2,2,4,3,,,,,,60,10,12,17,10,14,4
2,36,4,1,0,0,0,0,0,0,0,0,4,4,4,1,2,3,2,3,2,4,2,2,2,3,3,5,3,,0,31,18,1.28,32,7,9,7,10,7,13
1,27,3,0,1,0,0,0,0,0,1,0,1,4,2,1,1,4,4,3,3,3,2,4,4,2,2,3,2,,,30,16,1.17,48,17,12,14,9,10,8
2,30,4,1,0,0,0,0,0,0,0,0,4,2,4,1,,1,5,5,1,4,4,3,2,4,1,4,3,1,1,31,21,1.49,40,17,12,16,8,13,11
1,65,4,0,0,0,0,0,0,1,0,0,4,5,4,2,2,1,5,2,2,2,2,5,4,2,2,4,3,,,41,16,0.86,76,11,11,8,9,9,12
1,20,2,0,0,0,0,0,0,0,1,0,7,,,,,,,5,4,,,4,2,3,3,4,2,,1,,,,88,20,11,20,8,11,4
1,24,3,1,0,0,0,0,0,0,1,0,4,3,4,1,1,1,3,4,1,5,4,4,4,3,2,5,2,,,44,17,0.85,52,12,10,9,13,13,3
2,21,2,0,0,0,0,0,0,0,1,0,7,,,,,,,2,1,,,4,4,2,3,4,1,1,,,,,60,17,9,14,7,6,7
3,32,4,1,0,0,0,0,0,0,0,0,6,3,4,1,1,1,3,4,3,4,4,4,5,3,3,5,2,1,0,42,20,1.05,64,18,18,18,8,10,16
1,23,3,0,0,0,0,0,0,0,1,0,7,,,,,1,,3,2,,,3,4,1,2,4,2,,1,,,,68,12,15,14,11,11,6
1,22,2,0,1,0,0,0,0,0,1,0,1,4,4,1,1,4,4,4,4,3,,4,4,3,2,4,2,,,,,,60,12,11,14,12,9,5
